{
  "game": {
    "id": "Test",
    "ruleset": {
      "name": "standard",
      "version": "v1.0.33",
      "settings": {
        "foodSpawnChance": 15,
        "minimumFood": 1,
        "hazardDamagePerTurn": 14,
        "hazardMap": "",
        "hazardMapAuthor": "",
        "royale": {
          "shrinkEveryNTurns": 0
        },
        "squad": {
          "allowBodyCollisions": false,
          "sharedElimination": false,
          "sharedHealth": false,
          "sharedLength": false
        }
      }
    },
    "timeout": 500,
    "source": "custom"
  },
  "turn": 2,
  "board": {
    "height": 11,
    "width": 11,
    "snakes": [],
    "food": [
      {
        "x": 10,
        "y": 8
      },
      {
        "x": 5,
        "y": 5
      }
    ],
    "hazards": []
  },
  "you": {
    "id": "SomeSnakeId",
    "name": "SomeSnake",
    "latency": "27",
    "health": 98,
    "body": [
      {
        "x": 9,
        "y": 11
      },
      {
        "x": 9,
        "y": 10
      },
      {
        "x": 9,
        "y": 9
      }
    ],
    "head": {
      "x": 9,
      "y": 11
    },
    "length": 3,
    "shout": "",
    "squad": "",
    "customizations": {
      "color": "#6f2bcf",
      "head": "evil",
      "tail": "small-rattle"
    }
  }
}